{"chrome":{"last":"C:\\Users\\rkjha\\AppData\\Roaming\\npm\\node_modules\\protractor\\node_modules\\webdriver-manager\\selenium\\chromedriver_2.30.exe","all":["C:\\Users\\rkjha\\AppData\\Roaming\\npm\\node_modules\\protractor\\node_modules\\webdriver-manager\\selenium\\chromedriver_2.30.exe"]},"gecko":{"last":"C:\\Users\\rkjha\\AppData\\Roaming\\npm\\node_modules\\protractor\\node_modules\\webdriver-manager\\selenium\\geckodriver-v0.17.0.exe","all":["C:\\Users\\rkjha\\AppData\\Roaming\\npm\\node_modules\\protractor\\node_modules\\webdriver-manager\\selenium\\geckodriver-v0.17.0.exe"]},"standalone":{"last":"C:\\Users\\rkjha\\AppData\\Roaming\\npm\\node_modules\\protractor\\node_modules\\webdriver-manager\\selenium\\selenium-server-standalone-3.4.0.jar","all":["C:\\Users\\rkjha\\AppData\\Roaming\\npm\\node_modules\\protractor\\node_modules\\webdriver-manager\\selenium\\selenium-server-standalone-3.4.0.jar"]}}